url,clicks_6mo,impressions_6mo,avg_position,proposed_tier,topic,proposed_redirect_target
/can-you-have-an-eating-disorder-and-not-realize-it/,1297.0,29539.0,8.7,A - Keep live (proven traffic),Eating Disorders,"(keep live, no redirect)"
/toxic-codependency-looks-like/,471.0,28319.0,7.4,A - Keep live (proven traffic),Uncategorized/off-topic,"(keep live, no redirect)"
/sex-addiction-drug-addiction/,201.0,18541.0,7.2,A - Keep live (proven traffic),Uncategorized/off-topic,"(keep live, no redirect)"
/drug-induced-psychosis/,126.0,28374.0,9.0,A - Keep live (proven traffic),Uncategorized/off-topic,"(keep live, no redirect)"
/mackenzie-phillips-joins-breathe-as-addiction-counselor/,120.0,8349.0,5.0,A - Keep live (proven traffic),Company news/PR/Team,"(keep live, no redirect)"
/vicious-cycle-addiction/,93.0,16539.0,13.2,A - Keep live (proven traffic),Uncategorized/off-topic,"(keep live, no redirect)"
/5-weird-things-alcohol-withdrawal/,91.0,3106.0,11.2,A - Keep live (proven traffic),Alcohol,"(keep live, no redirect)"
/hookah-smoking-smoking-tobacco/,74.0,18397.0,6.1,A - Keep live (proven traffic),Nicotine/smoking (no direct page - route to hub),"(keep live, no redirect)"
/hand-mouth/,59.0,8123.0,7.3,A - Keep live (proven traffic),Uncategorized/off-topic,"(keep live, no redirect)"
/can-you-force-someone-to-go-to-rehab/,47.0,5864.0,14.4,A - Keep live (proven traffic),Uncategorized/off-topic,"(keep live, no redirect)"
/abuse-c-ptsd-complex-post-traumatic-stress-disorder/,42.0,6578.0,23.5,A - Keep live (proven traffic),Trauma/PTSD,"(keep live, no redirect)"
/smoking-suicide/,35.0,3417.0,8.3,A - Keep live (proven traffic),Nicotine/smoking (no direct page - route to hub),"(keep live, no redirect)"
/prevent-failure-launch-children/,28.0,3541.0,22.1,A - Keep live (proven traffic),Uncategorized/off-topic,"(keep live, no redirect)"
/skillful-vs-unskillful-love/,25.0,3464.0,7.6,A - Keep live (proven traffic),Uncategorized/off-topic,"(keep live, no redirect)"
/psychiatrist-steve-karp/,23.0,2058.0,9.4,A - Keep live (proven traffic),Company news/PR/Team,"(keep live, no redirect)"
/chemsex-what-is-it-and-why-is-it-dangerous/,22.0,4585.0,36.9,A - Keep live (proven traffic),Chemsex (signature service),"(keep live, no redirect)"
/eating-disorder-nutrition/,22.0,325.0,12.4,A - Keep live (proven traffic),Eating Disorders,"(keep live, no redirect)"
/how-to-start-the-conversation-about-rehab/,21.0,3555.0,9.0,A - Keep live (proven traffic),Uncategorized/off-topic,"(keep live, no redirect)"
/breathes-new-office-location-on-melrose/,21.0,1517.0,7.3,A - Keep live (proven traffic),Company news/PR/Team,"(keep live, no redirect)"
/manage-nicotine-withdrawal/,16.0,14961.0,12.3,A - Keep live (proven traffic),Nicotine/smoking (no direct page - route to hub),"(keep live, no redirect)"
/living-with-someone-who-has-ocd/,16.0,5571.0,11.1,A - Keep live (proven traffic),OCD (no direct page - route to Anxiety),"(keep live, no redirect)"
/orange-new-black-got-mackenzie-phillips-tap-past/,15.0,3150.0,7.1,A - Keep live (proven traffic),Company news/PR/Team,"(keep live, no redirect)"
/flight-attendant-mental-health/,15.0,547.0,7.2,A - Keep live (proven traffic),Flight Attendant Program,"(keep live, no redirect)"
/lgbt-drug-rehab-in-los-angeles-inclusive-and-compassionate-care/,14.0,8835.0,40.5,"B - Keep for brand strategy (on-topic, low current traffic)",LGBTQ+ (signature service),"(keep live, no redirect)"
/addiction-treatment-for-gay-men/,13.0,3000.0,32.2,"B - Keep for brand strategy (on-topic, low current traffic)",LGBTQ+ (signature service),"(keep live, no redirect)"
/gay-rehab-centers-in-los-angeles-tailored-support-for-the-lgbtq-community/,6.0,6499.0,18.5,"B - Keep for brand strategy (on-topic, low current traffic)",LGBTQ+ (signature service),"(keep live, no redirect)"
/transgender-treatment-for-addiction-in-los-angeles-inclusive-and-understanding-care/,6.0,874.0,19.2,"B - Keep for brand strategy (on-topic, low current traffic)",LGBTQ+ (signature service),"(keep live, no redirect)"
/grindr-hookup-culture-and-substance-use-what-queer-men-should-know/,2.0,130.0,9.0,"B - Keep for brand strategy (on-topic, low current traffic)",Chemsex (signature service),"(keep live, no redirect)"
/breathe-life-healing-centers-welcomes-transgender-people/,2.0,89.0,9.3,"B - Keep for brand strategy (on-topic, low current traffic)",LGBTQ+ (signature service),"(keep live, no redirect)"
/gay-addiction-treatment-in-los-angeles/,1.0,1036.0,63.3,"B - Keep for brand strategy (on-topic, low current traffic)",LGBTQ+ (signature service),"(keep live, no redirect)"
/gay-rehab-centers-in-los-angeles-addressing-unique-needs-in-recovery/,0.0,1277.0,38.6,"B - Keep for brand strategy (on-topic, low current traffic)",LGBTQ+ (signature service),"(keep live, no redirect)"
/how-minority-stress-drives-substance-use-in-lgbtq-communities/,0.0,44.0,6.8,"B - Keep for brand strategy (on-topic, low current traffic)",LGBTQ+ (signature service),"(keep live, no redirect)"
/chemsex-addiction/,0.0,35.0,27.5,"B - Keep for brand strategy (on-topic, low current traffic)",Chemsex (signature service),"(keep live, no redirect)"
/why-queer-people-deserve-treatment-that-actually-sees-them/,0.0,29.0,23.7,"B - Keep for brand strategy (on-topic, low current traffic)",LGBTQ+ (signature service),"(keep live, no redirect)"
/lgbtqia-affirming-addiction-treatment-in-los-angeles-finding-the-right-support/,0.0,27.0,17.8,"B - Keep for brand strategy (on-topic, low current traffic)",LGBTQ+ (signature service),"(keep live, no redirect)"
/celebrating-national-lgbt-history-month/,0.0,1.0,6.0,"B - Keep for brand strategy (on-topic, low current traffic)",LGBTQ+ (signature service),"(keep live, no redirect)"
/meth-addiction-how-crystal-recovery-works/,14.0,3171.0,32.1,C - Redirect/consolidate into new page,Methamphetamine,/what-we-treat/methamphetamine/
/drug-addicts-anonymous-meetings-expect/,13.0,2301.0,17.5,C - Redirect/consolidate into new page,Support groups/Alumni,/programs/alumni-program/
/things-need-know-trichotillomania/,12.0,6036.0,38.7,C - Redirect/consolidate into new page,Eating Disorders,/what-we-treat/eating-disorders/
/why-is-depression-on-the-rise/,12.0,2183.0,22.9,C - Redirect/consolidate into new page,Depression,/conditions/depression/
/can-you-ever-fully-recover-from-an-eating-disorder/,11.0,1039.0,21.4,C - Redirect/consolidate into new page,Eating Disorders,/what-we-treat/eating-disorders/
/meet-the-intake-team/,11.0,631.0,9.4,C - Redirect/consolidate into new page,Company news/PR/Team,/resources/media/
/sobriety-on-pain-meds/,11.0,448.0,10.8,C - Redirect/consolidate into new page,Opioids,/what-we-treat/opioids/
/binge-eating-disorder/,10.0,4421.0,11.3,C - Redirect/consolidate into new page,Eating Disorders,/what-we-treat/eating-disorders/
/benefits-quitting-smoking/,10.0,4198.0,36.3,C - Redirect/consolidate into new page,Nicotine/smoking (no direct page - route to hub),/what-we-treat/
/7-signs-you-are-suffering-from-anorexia/,10.0,1789.0,21.4,C - Redirect/consolidate into new page,Eating Disorders,/what-we-treat/eating-disorders/
/tips-parents-addicts/,10.0,1412.0,38.4,C - Redirect/consolidate into new page,For Families,/admissions/for-families/
/whats-even-in-diet-pills/,9.0,6549.0,11.9,C - Redirect/consolidate into new page,Eating Disorders (food/diet),/what-we-treat/eating-disorders/
/he-intervenes-with-compassion/,9.0,843.0,4.7,C - Redirect/consolidate into new page,Company news/PR/Team,/resources/media/
/binge-eating-disorder-treatment/,7.0,4649.0,57.8,C - Redirect/consolidate into new page,Eating Disorders,/what-we-treat/eating-disorders/
/what-is-trichotillomania/,7.0,3258.0,21.7,C - Redirect/consolidate into new page,Eating Disorders,/what-we-treat/eating-disorders/
/how-to-know-when-the-occasional-binge-turns-into-binge-eating-disorder/,7.0,1168.0,17.8,C - Redirect/consolidate into new page,Eating Disorders,/what-we-treat/eating-disorders/
/types-eating-disorders-explained/,6.0,11281.0,50.1,C - Redirect/consolidate into new page,Eating Disorders,/what-we-treat/eating-disorders/
/is-it-paranoia-or-psychosis-managing-meth-induced-mental-health-crises/,6.0,713.0,19.3,C - Redirect/consolidate into new page,Methamphetamine,/what-we-treat/methamphetamine/
/anorexia-treatment-los-angeles/,5.0,2127.0,50.0,C - Redirect/consolidate into new page,Eating Disorders,/what-we-treat/eating-disorders/
/relapse-prone/,5.0,684.0,4.9,C - Redirect/consolidate into new page,Relapse/Alumni,/programs/alumni-program/
/sero-mental-health/,5.0,180.0,34.4,C - Redirect/consolidate into new page,Sero Mental Health,/about/sero-mental-health/
/clinical-outreach-coordinator/,5.0,100.0,25.7,C - Redirect/consolidate into new page,Company news/PR/Team,/resources/media/
/food-addiction-treatment/,4.0,6234.0,39.2,C - Redirect/consolidate into new page,Eating Disorders (food/diet),/what-we-treat/eating-disorders/
/how-to-prevent-obesity/,4.0,5135.0,38.4,C - Redirect/consolidate into new page,Eating Disorders (food/diet),/what-we-treat/eating-disorders/
/bed-the-most-common-eating-disorder-in-america/,4.0,4018.0,20.4,C - Redirect/consolidate into new page,Eating Disorders,/what-we-treat/eating-disorders/
/how-anorexia-affects-the-body/,4.0,1543.0,32.2,C - Redirect/consolidate into new page,Eating Disorders,/what-we-treat/eating-disorders/
/could-you-unknowingly-have-an-eating-disorder/,4.0,304.0,61.0,C - Redirect/consolidate into new page,Eating Disorders,/what-we-treat/eating-disorders/
/interventionist-brad-lamm-shares-his-insight-on-food-addiction/,4.0,205.0,6.6,C - Redirect/consolidate into new page,Eating Disorders (food/diet),/what-we-treat/eating-disorders/
/body-dysmorphic-disorder-symptoms/,3.0,3916.0,47.7,C - Redirect/consolidate into new page,Eating Disorders,/what-we-treat/eating-disorders/
/medication-assisted-treatment/,3.0,2123.0,46.5,C - Redirect/consolidate into new page,MAT,/programs/medication-assisted-treatment/
/intensive-outpatient-program/,3.0,1913.0,47.4,C - Redirect/consolidate into new page,IOP,/programs/intensive-outpatient/
/rodrigo-dasilva-joins-the-breathe-team/,3.0,1838.0,7.6,C - Redirect/consolidate into new page,Company news/PR/Team,/resources/media/
/importance-integrated-treatment-dual-diagnosis/,3.0,1015.0,47.3,C - Redirect/consolidate into new page,Dual Diagnosis,/conditions/dual-diagnosis/
/understanding-alcohol-withdrawal-symptoms-causes-and-treatment/,3.0,828.0,15.5,C - Redirect/consolidate into new page,Alcohol,/what-we-treat/alcohol/
/4-ways-to-heal-from-psychological-trauma/,3.0,657.0,17.8,C - Redirect/consolidate into new page,Complex Trauma,/conditions/complex-trauma/
/breeding-addiction-moms-babies-opiates-arrive-pre-loaded/,3.0,296.0,8.8,C - Redirect/consolidate into new page,Opioids,/what-we-treat/opioids/
/the-polyvagal-theory-trauma-and-mental-health/,2.0,2471.0,72.7,C - Redirect/consolidate into new page,Complex Trauma,/conditions/complex-trauma/
/types-anxiety-disorder/,2.0,1628.0,15.4,C - Redirect/consolidate into new page,Anxiety,/conditions/anxiety/
/bulimia-causes/,2.0,1340.0,49.6,C - Redirect/consolidate into new page,Eating Disorders,/what-we-treat/eating-disorders/
/how-methamphetamine-affects-your-physical-health/,2.0,758.0,75.1,C - Redirect/consolidate into new page,Methamphetamine,/what-we-treat/methamphetamine/
/what-is-bulimia/,2.0,624.0,55.5,C - Redirect/consolidate into new page,Eating Disorders,/what-we-treat/eating-disorders/
/treatment-eating-disorders/,2.0,618.0,56.8,C - Redirect/consolidate into new page,Eating Disorders,/what-we-treat/eating-disorders/
/common-eating-disorder-america/,2.0,609.0,52.7,C - Redirect/consolidate into new page,Eating Disorders,/what-we-treat/eating-disorders/
/day-treatment/,2.0,487.0,13.3,C - Redirect/consolidate into new page,PHP,/programs/php/
/body-dysmorphia-disorder/,2.0,486.0,20.8,C - Redirect/consolidate into new page,Eating Disorders,/what-we-treat/eating-disorders/
/what-happens-during-meth-detox/,2.0,100.0,21.6,C - Redirect/consolidate into new page,Methamphetamine,/what-we-treat/methamphetamine/
/breathe-eating-disorder-recovery/,2.0,28.0,15.4,C - Redirect/consolidate into new page,Eating Disorders,/what-we-treat/eating-disorders/
/treatment-for-bulimia/,1.0,5913.0,58.5,C - Redirect/consolidate into new page,Eating Disorders,/what-we-treat/eating-disorders/
/what-is-methamphetamine/,1.0,4189.0,58.0,C - Redirect/consolidate into new page,Methamphetamine,/what-we-treat/methamphetamine/
/what-causes-anorexia/,1.0,1945.0,64.0,C - Redirect/consolidate into new page,Eating Disorders,/what-we-treat/eating-disorders/
/body-dysmorphic-disorder-causes/,1.0,1500.0,54.9,C - Redirect/consolidate into new page,Eating Disorders,/what-we-treat/eating-disorders/
/what-is-anorexia/,1.0,1088.0,20.8,C - Redirect/consolidate into new page,Eating Disorders,/what-we-treat/eating-disorders/
/meth-addiction-getting-help/,1.0,719.0,46.5,C - Redirect/consolidate into new page,Methamphetamine,/what-we-treat/methamphetamine/
/professional-help-anxiety/,1.0,660.0,41.3,C - Redirect/consolidate into new page,Anxiety,/conditions/anxiety/
/anorexia-versus-bulimia/,1.0,584.0,66.5,C - Redirect/consolidate into new page,Eating Disorders,/what-we-treat/eating-disorders/
/top-5-facts-and-myths-about-eating-disorders/,1.0,584.0,71.3,C - Redirect/consolidate into new page,Eating Disorders,/what-we-treat/eating-disorders/
/alcohol-awareness-month-for-the-health-of-it/,1.0,436.0,73.3,C - Redirect/consolidate into new page,Alcohol,/what-we-treat/alcohol/
/dr-tian-dayton/,1.0,394.0,13.2,C - Redirect/consolidate into new page,Company news/PR/Team,/resources/media/
/medical-alcohol-and-drug-detox/,1.0,364.0,7.5,C - Redirect/consolidate into new page,Alcohol,/what-we-treat/alcohol/
/transitional-living-after-residential-treatment/,1.0,319.0,12.9,C - Redirect/consolidate into new page,Residential Treatment,/programs/residential-treatment/
/joint-commission/,1.0,258.0,14.8,C - Redirect/consolidate into new page,About/Accreditation,/about/
/help-someone-with-anorexia/,1.0,252.0,72.7,C - Redirect/consolidate into new page,Eating Disorders,/what-we-treat/eating-disorders/
/experience-detox-residential/,1.0,235.0,14.2,C - Redirect/consolidate into new page,Medical Detox,/programs/medical-detox/
/chemsex-crystal-meth-navigating-recovery-in-west-hollywood/,1.0,220.0,18.2,C - Redirect/consolidate into new page,Methamphetamine,/what-we-treat/methamphetamine/
/the-new-heroin-why-the-rules-of-recovery-have-changed/,1.0,181.0,35.2,C - Redirect/consolidate into new page,Opioids (heroin absorbed),/what-we-treat/opioids/
/fighting-depression-in-the-summer/,1.0,176.0,25.0,C - Redirect/consolidate into new page,Depression,/conditions/depression/
/anorexia/,1.0,163.0,6.6,C - Redirect/consolidate into new page,Eating Disorders,/what-we-treat/eating-disorders/
/heroin-the-drug-of-nice-suburban-areas/,1.0,148.0,18.8,C - Redirect/consolidate into new page,Opioids (heroin absorbed),/what-we-treat/opioids/
/coping-patterns-in-complex-trauma-and-addiction/,1.0,143.0,13.3,C - Redirect/consolidate into new page,Complex Trauma,/conditions/complex-trauma/
/7-signs-of-depression/,1.0,73.0,25.8,C - Redirect/consolidate into new page,Depression,/conditions/depression/
/advantages-alcohol-support-groups/,1.0,69.0,25.8,C - Redirect/consolidate into new page,Alcohol,/what-we-treat/alcohol/
/alcohol-anxiety-navigating-dual-diagnosis-treatment-in-west-hollywood/,1.0,63.0,17.1,C - Redirect/consolidate into new page,Alcohol,/what-we-treat/alcohol/
/tips-coping-eating-disorder-holidays/,1.0,55.0,78.0,C - Redirect/consolidate into new page,Eating Disorders,/what-we-treat/eating-disorders/
/heroin-pandemic-help-horizon/,1.0,47.0,11.8,C - Redirect/consolidate into new page,Opioids (heroin absorbed),/what-we-treat/opioids/
/mackenzie-phillips-featured-on-fox-11-los-angeles/,1.0,40.0,10.4,C - Redirect/consolidate into new page,Company news/PR/Team,/resources/media/
/what-happens-to-your-body-and-mind-when-you-stop-using-meth-after-chemsex/,1.0,37.0,11.3,C - Redirect/consolidate into new page,Methamphetamine,/what-we-treat/methamphetamine/
/breathe-life-healing-centers-employment-application/,1.0,35.0,11.1,C - Redirect/consolidate into new page,Company news/PR/Team,/resources/media/
/5-absolute-important-steps-take-relapse/,1.0,28.0,11.1,C - Redirect/consolidate into new page,Relapse/Alumni,/programs/alumni-program/
/five-alive-qa-with-jed-hastings/,1.0,9.0,6.0,C - Redirect/consolidate into new page,Company news/PR/Team,/resources/media/
/breathe-awarded-accreditation-joint-commission/,1.0,8.0,3.8,C - Redirect/consolidate into new page,About/Accreditation,/about/
/look-for-drug-intervention-specialist/,0.0,3781.0,43.3,C - Redirect/consolidate into new page,Family/Intervention,/admissions/for-families/
/support-groups-for-family-members-of-drug-addicts/,0.0,3532.0,83.2,C - Redirect/consolidate into new page,For Families,/admissions/for-families/
/what-is-ocd/,0.0,1668.0,6.1,C - Redirect/consolidate into new page,OCD (no direct page - route to Anxiety),/conditions/anxiety/
/what-is-body-dysmorphic-disorder/,0.0,1485.0,65.0,C - Redirect/consolidate into new page,Eating Disorders,/what-we-treat/eating-disorders/
/what-does-dual-diagnosis-mean/,0.0,1229.0,73.6,C - Redirect/consolidate into new page,Dual Diagnosis,/conditions/dual-diagnosis/
/overcome-alcohol-withdrawal/,0.0,1094.0,21.7,C - Redirect/consolidate into new page,Alcohol,/what-we-treat/alcohol/
/crystal-meth-addiction-treatment-in-los-angeles/,0.0,896.0,80.4,C - Redirect/consolidate into new page,Methamphetamine,/what-we-treat/methamphetamine/
/ptsd-treatment-in-los-angeles-integrating-trauma-therapy-with-addiction-recovery/,0.0,770.0,48.9,C - Redirect/consolidate into new page,Trauma/PTSD,/conditions/trauma/
/strategies-complex-trauma/,0.0,701.0,18.7,C - Redirect/consolidate into new page,Complex Trauma,/conditions/complex-trauma/
/what-is-obsessive-compulsive-disorder/,0.0,317.0,49.0,C - Redirect/consolidate into new page,OCD (no direct page - route to Anxiety),/conditions/anxiety/
/addicted-alcohol-problem/,0.0,295.0,32.1,C - Redirect/consolidate into new page,Alcohol,/what-we-treat/alcohol/
/from-detox-to-recovery-in-los-angeles-the-role-of-addiction-treatment-centers/,0.0,273.0,21.5,C - Redirect/consolidate into new page,Medical Detox,/programs/medical-detox/
/body-dysmorphic-disorder-treatment/,0.0,271.0,56.8,C - Redirect/consolidate into new page,Eating Disorders,/what-we-treat/eating-disorders/
/smoking-booze-get-outa-town/,0.0,210.0,5.9,C - Redirect/consolidate into new page,Nicotine/smoking (no direct page - route to hub),/what-we-treat/
/los-angeles-holistic-recovery-overcoij-ming-fentanyl-and-kratom-addiction-beyond-detox/,0.0,189.0,16.0,C - Redirect/consolidate into new page,Opioids,/what-we-treat/opioids/
/notice-of-privacy-practices/,0.0,188.0,17.4,C - Redirect/consolidate into new page,Admissions/Legal utility,/admissions/
/sober-living-home-can-benefit-your-recovery/,0.0,146.0,40.3,C - Redirect/consolidate into new page,Sober Living,/programs/sober-living/
/ptsd-and-substance-use-why-trauma-and-addiction-are-often-connected/,0.0,145.0,37.9,C - Redirect/consolidate into new page,Complex Trauma,/conditions/complex-trauma/
/how-complex-trauma-impacts-our-sense-of-self-safety/,0.0,119.0,7.3,C - Redirect/consolidate into new page,Complex Trauma,/conditions/complex-trauma/
/terms-of-use/,0.0,94.0,37.2,C - Redirect/consolidate into new page,Admissions/Legal utility,/admissions/
/bulimia/,0.0,91.0,8.5,C - Redirect/consolidate into new page,Eating Disorders,/what-we-treat/eating-disorders/
/one-year-anniversary/,0.0,76.0,21.1,C - Redirect/consolidate into new page,Company news/PR/Team,/resources/media/
/the-whole-person-approach-why-holistic-alcohol-rehab-is-taking-over-los-angeles/,0.0,69.0,22.3,C - Redirect/consolidate into new page,Alcohol,/what-we-treat/alcohol/
/depression-and-addiction/,0.0,68.0,16.2,C - Redirect/consolidate into new page,Depression,/conditions/depression/
/heroin-breakthrough-need-money/,0.0,66.0,43.9,C - Redirect/consolidate into new page,Opioids (heroin absorbed),/what-we-treat/opioids/
/how-breathe-life-healing-centers-in-los-angeles-supports-long-term-sobriety-after-detox/,0.0,58.0,9.4,C - Redirect/consolidate into new page,Medical Detox,/programs/medical-detox/
/medication-assisted-treatment-for-long-term-stability/,0.0,56.0,10.9,C - Redirect/consolidate into new page,MAT,/programs/medication-assisted-treatment/
/confidentiality-form/,0.0,47.0,8.6,C - Redirect/consolidate into new page,Admissions/Legal utility,/admissions/
/breathe-weho-treatment-services-earns-joint-commissions-gold-seal-approval/,0.0,35.0,10.3,C - Redirect/consolidate into new page,About/Accreditation,/about/
/food-addiction-in-america/,0.0,31.0,17.6,C - Redirect/consolidate into new page,Eating Disorders (food/diet),/what-we-treat/eating-disorders/
/do-i-have-complex-trauma/,0.0,30.0,15.8,C - Redirect/consolidate into new page,Complex Trauma,/conditions/complex-trauma/
/dual-diagnosis-relationship-substance-abuse-mental-illness/,0.0,25.0,18.6,C - Redirect/consolidate into new page,Dual Diagnosis,/conditions/dual-diagnosis/
/depression-in-college-students/,0.0,22.0,13.2,C - Redirect/consolidate into new page,Depression,/conditions/depression/
/motivators-western-diet/,0.0,20.0,22.8,C - Redirect/consolidate into new page,Eating Disorders (food/diet),/what-we-treat/eating-disorders/
/how-to-choose-the-right-drug-detox-center-in-los-angeles/,0.0,20.0,29.9,C - Redirect/consolidate into new page,Medical Detox,/programs/medical-detox/
/vaping-illness-syndrome/,0.0,17.0,7.7,C - Redirect/consolidate into new page,Nicotine/smoking (no direct page - route to hub),/what-we-treat/
/residential-treatment-for-substance-addiction/,0.0,14.0,3.2,C - Redirect/consolidate into new page,Residential Treatment,/programs/residential-treatment/
/php-vs-iop-understanding-different-levels-of-addiction-treatment/,0.0,12.0,6.2,C - Redirect/consolidate into new page,IOP,/programs/intensive-outpatient/
/dual-diagnosis-treatment-program/,0.0,12.0,11.3,C - Redirect/consolidate into new page,Dual Diagnosis,/conditions/dual-diagnosis/
/detox-increase-quit/,0.0,12.0,26.1,C - Redirect/consolidate into new page,Medical Detox,/programs/medical-detox/
/numbing-the-pain-the-link-between-heroin-and-unresolved-trauma/,0.0,10.0,8.9,C - Redirect/consolidate into new page,Opioids (heroin absorbed),/what-we-treat/opioids/
/teen-depression-symptoms-causes/,0.0,10.0,26.3,C - Redirect/consolidate into new page,Depression,/conditions/depression/
/pain-meds-xanax-anxiety/,0.0,6.0,6.8,C - Redirect/consolidate into new page,Opioids,/what-we-treat/opioids/
/helping-the-addict-healing-the-family/,0.0,5.0,4.2,C - Redirect/consolidate into new page,For Families,/admissions/for-families/
/post-acute-withdrawal-syndrome-in-los-angeles-managing-recovery-after-detox/,0.0,5.0,5.0,C - Redirect/consolidate into new page,Medical Detox,/programs/medical-detox/
/dual-diagnosis-substance-abuse-and-mental-illness/,0.0,5.0,6.2,C - Redirect/consolidate into new page,Dual Diagnosis,/conditions/dual-diagnosis/
/benefits-of-depression-screening/,0.0,5.0,7.4,C - Redirect/consolidate into new page,Depression,/conditions/depression/
/medication-assisted-treatment-mat/,0.0,4.0,7.8,C - Redirect/consolidate into new page,MAT,/programs/medication-assisted-treatment/
/obesity-the-world-is-literally-round/,0.0,4.0,18.2,C - Redirect/consolidate into new page,Eating Disorders (food/diet),/what-we-treat/eating-disorders/
/alcohol-drug-addiction-treatment/,0.0,4.0,24.5,C - Redirect/consolidate into new page,Alcohol,/what-we-treat/alcohol/
/post-traumatic-stress-disorder-ptsd/,0.0,4.0,35.2,C - Redirect/consolidate into new page,Trauma/PTSD,/conditions/trauma/
/trauma-and-addiction/,0.0,3.0,10.0,C - Redirect/consolidate into new page,Complex Trauma,/conditions/complex-trauma/
/heroin-deaths-twice-bad/,0.0,3.0,29.3,C - Redirect/consolidate into new page,Opioids (heroin absorbed),/what-we-treat/opioids/
/bulimia-treatment-in-los-angeles-pathways-to-a-healthier-you/,0.0,3.0,29.7,C - Redirect/consolidate into new page,Eating Disorders,/what-we-treat/eating-disorders/
/how-families-can-support-a-loved-one-in-addiction-treatment/,0.0,2.0,6.0,C - Redirect/consolidate into new page,For Families,/admissions/for-families/
/mackenzie-phillips-joins-addiction-counselor/,0.0,1.0,1.0,C - Redirect/consolidate into new page,Company news/PR/Team,/resources/media/
/faq/,0.0,1.0,10.0,C - Redirect/consolidate into new page,Admissions/Legal utility,/admissions/
/how-our-residential-rehab-can-help-you/,0.0,1.0,12.0,C - Redirect/consolidate into new page,Residential Treatment,/programs/residential-treatment/
/most-addictive-substances/,13.0,2162.0,22.0,D - Redirect to homepage (off-topic/no value),Uncategorized/off-topic,/
/internal-family-systems-and-its-role-in-restoring-balance/,10.0,2410.0,11.8,D - Redirect to homepage (off-topic/no value),Uncategorized/off-topic,/
/finding-freedom-through-the-dance-of-liberation/,10.0,888.0,6.7,D - Redirect to homepage (off-topic/no value),Uncategorized/off-topic,/
/phillip-seymour-hoffman-dead-actor-dies-46/,7.0,52850.0,2.6,D - Redirect to homepage (off-topic/no value),Uncategorized/off-topic,/
/michael-phelps/,7.0,2160.0,10.2,D - Redirect to homepage (off-topic/no value),Uncategorized/off-topic,/
/robin-williams-fame-self-shame/,7.0,1092.0,13.3,D - Redirect to homepage (off-topic/no value),Uncategorized/off-topic,/
/7-triggering-situations-recovering-addicts-avoid/,5.0,349.0,11.9,D - Redirect to homepage (off-topic/no value),Uncategorized/off-topic,/
/man-weighed-530lbs-reveals-lost-half-body-weight/,5.0,160.0,7.8,D - Redirect to homepage (off-topic/no value),Uncategorized/off-topic,/
/josh-duggars-rehab-welcome-to-the-dark-ages/,5.0,155.0,12.1,D - Redirect to homepage (off-topic/no value),Uncategorized/off-topic,/
/love-addict-love-avoidant-a-match-made-in-hell/,4.0,589.0,18.5,D - Redirect to homepage (off-topic/no value),Uncategorized/off-topic,/
/alumni-support/,2.0,82.0,14.9,D - Redirect to homepage (off-topic/no value),Uncategorized/off-topic,/
/melissa-mccracken-speaks-at-cma2020/,2.0,60.0,13.7,D - Redirect to homepage (off-topic/no value),Company news/PR/Team,/resources/media/
/risks-of-untreated-adhd/,1.0,3082.0,50.5,D - Redirect to homepage (off-topic/no value),Uncategorized/off-topic,/
/good-golly-molly/,1.0,1226.0,9.7,D - Redirect to homepage (off-topic/no value),Uncategorized/off-topic,/
/newsnight-debate-between-matthew-perry-and-peter-hitchens/,1.0,1203.0,8.9,D - Redirect to homepage (off-topic/no value),Uncategorized/off-topic,/
/5-things-cheaper-drug-screening/,1.0,1130.0,24.1,D - Redirect to homepage (off-topic/no value),Uncategorized/off-topic,/
/when-its-time-to-tell-the-family-about-your-addiction/,1.0,842.0,79.2,D - Redirect to homepage (off-topic/no value),Uncategorized/off-topic,/
/best-anger-management-strategies/,1.0,686.0,34.8,D - Redirect to homepage (off-topic/no value),Uncategorized/off-topic,/
/from-survival-mode-to-stability-how-the-body-heals-in-treatment/,1.0,335.0,7.6,D - Redirect to homepage (off-topic/no value),Uncategorized/off-topic,/
/sugar-blows/,1.0,134.0,7.3,D - Redirect to homepage (off-topic/no value),Uncategorized/off-topic,/
/safe-from-self-harm/,1.0,113.0,47.4,D - Redirect to homepage (off-topic/no value),Uncategorized/off-topic,/
/failure-to-launch/,1.0,93.0,27.2,D - Redirect to homepage (off-topic/no value),Uncategorized/off-topic,/
/educated-eating-diets-designed-fail-2/,1.0,9.0,29.3,D - Redirect to homepage (off-topic/no value),Uncategorized/off-topic,/
/coping-vs-avoiding-pain/,0.0,420.0,9.8,D - Redirect to homepage (off-topic/no value),Uncategorized/off-topic,/
/healing-experiential-therapies/,0.0,309.0,31.9,D - Redirect to homepage (off-topic/no value),Uncategorized/off-topic,/
/alliance-with-experience-recovery/,0.0,200.0,8.3,D - Redirect to homepage (off-topic/no value),Uncategorized/off-topic,/
/hit-snooze-button-taking-nap-always-lazy/,0.0,190.0,9.1,D - Redirect to homepage (off-topic/no value),Uncategorized/off-topic,/
/caffeine-overdose/,0.0,131.0,17.3,D - Redirect to homepage (off-topic/no value),Uncategorized/off-topic,/
/staying-sober-during-the-holidays/,0.0,122.0,44.5,D - Redirect to homepage (off-topic/no value),Uncategorized/off-topic,/
/nyc-smoking-spikes/,0.0,95.0,24.4,D - Redirect to homepage (off-topic/no value),Nicotine/smoking (no direct page - route to hub),/what-we-treat/
/https-breathelifehealingcenters-com-pill-popping-dermatologist/,0.0,93.0,10.6,D - Redirect to homepage (off-topic/no value),Uncategorized/off-topic,/
/new-peer-pressure-hashtags-facebook-feeds/,0.0,69.0,11.9,D - Redirect to homepage (off-topic/no value),Uncategorized/off-topic,/
/how-to-be-the-sober-life-of-the-party/,0.0,68.0,12.6,D - Redirect to homepage (off-topic/no value),Uncategorized/off-topic,/
/https-breathelifehealingcenters-com-embarrassing-things-binge-eating-disorder/,0.0,64.0,14.6,D - Redirect to homepage (off-topic/no value),Eating Disorders,/what-we-treat/eating-disorders/
/september-is-recovery-monthwhat-does-that-mean-really/,0.0,55.0,7.5,D - Redirect to homepage (off-topic/no value),Uncategorized/off-topic,/
/addiction-treatment-west-hollywood/,0.0,55.0,47.6,D - Redirect to homepage (off-topic/no value),Uncategorized/off-topic,/
/the-new-world-what-christopher-columbus-can-teach-us-about-recovery/,0.0,49.0,15.9,D - Redirect to homepage (off-topic/no value),Uncategorized/off-topic,/
/thinking-back/,0.0,48.0,9.1,D - Redirect to homepage (off-topic/no value),Uncategorized/off-topic,/
/dude-wheres-my-car/,0.0,41.0,34.2,D - Redirect to homepage (off-topic/no value),Uncategorized/off-topic,/
/laugh-way-joyful-life/,0.0,40.0,26.3,D - Redirect to homepage (off-topic/no value),Uncategorized/off-topic,/
/lifesaver-youve-never-heard/,0.0,39.0,65.6,D - Redirect to homepage (off-topic/no value),Uncategorized/off-topic,/
/freedom-from-bondage/,0.0,38.0,34.7,D - Redirect to homepage (off-topic/no value),Uncategorized/off-topic,/
/still-debating-naloxone-life-saving-emergency-drug/,0.0,37.0,13.1,D - Redirect to homepage (off-topic/no value),Uncategorized/off-topic,/
/media-mania/,0.0,36.0,7.3,D - Redirect to homepage (off-topic/no value),Uncategorized/off-topic,/
/a-cut-above/,0.0,35.0,44.9,D - Redirect to homepage (off-topic/no value),Uncategorized/off-topic,/
/the-trajectory-of-addiction-to-recovery/,0.0,33.0,20.9,D - Redirect to homepage (off-topic/no value),Uncategorized/off-topic,/
/inpatient-mental-health-treatment/,0.0,32.0,24.2,D - Redirect to homepage (off-topic/no value),Uncategorized/off-topic,/
/affordable-care-act-provides-access-to-treatment/,0.0,32.0,51.8,D - Redirect to homepage (off-topic/no value),Uncategorized/off-topic,/
/substance-free-summer-activities/,0.0,28.0,15.8,D - Redirect to homepage (off-topic/no value),Uncategorized/off-topic,/
/self-care-health-care/,0.0,24.0,25.5,D - Redirect to homepage (off-topic/no value),Uncategorized/off-topic,/
/the-good-food-mood/,0.0,24.0,38.5,D - Redirect to homepage (off-topic/no value),Uncategorized/off-topic,/
/dealing-with-early-sobriety-triggers/,0.0,21.0,8.5,D - Redirect to homepage (off-topic/no value),Uncategorized/off-topic,/
/bullying-battle-cry-its-no-joke/,0.0,20.0,16.6,D - Redirect to homepage (off-topic/no value),Uncategorized/off-topic,/
/addiction-myths-vs-facts/,0.0,16.0,9.0,D - Redirect to homepage (off-topic/no value),Uncategorized/off-topic,/
/im-not-big-why-we-loathe-to-admit-it/,0.0,14.0,8.9,D - Redirect to homepage (off-topic/no value),Uncategorized/off-topic,/
/fitness-rx-fun-matters/,0.0,10.0,9.4,D - Redirect to homepage (off-topic/no value),Uncategorized/off-topic,/
/mental-health-awareness-month-b4stage4/,0.0,10.0,9.9,D - Redirect to homepage (off-topic/no value),Uncategorized/off-topic,/
/drug-dealer-co-pay/,0.0,10.0,13.2,D - Redirect to homepage (off-topic/no value),Uncategorized/off-topic,/
/moderate-drinking-really-safe-may-never-know/,0.0,10.0,40.0,D - Redirect to homepage (off-topic/no value),Uncategorized/off-topic,/
/off-the-court-the-life-of-lamar-odom/,0.0,9.0,6.7,D - Redirect to homepage (off-topic/no value),Uncategorized/off-topic,/
/sleep-hygiene-tips/,0.0,9.0,9.8,D - Redirect to homepage (off-topic/no value),Uncategorized/off-topic,/
/reckless-doctor-faces-justice/,0.0,8.0,5.4,D - Redirect to homepage (off-topic/no value),Uncategorized/off-topic,/
/nfl-suit-pain-meds/,0.0,6.0,6.3,D - Redirect to homepage (off-topic/no value),Opioids,/what-we-treat/opioids/
/reasons-rehab-2-prescription-medication-addiction/,0.0,6.0,14.5,D - Redirect to homepage (off-topic/no value),Uncategorized/off-topic,/
/addicted-food-journey-recovery/,0.0,5.0,24.4,D - Redirect to homepage (off-topic/no value),Uncategorized/off-topic,/
/holistic-approach-health-wellbeing/,0.0,5.0,50.4,D - Redirect to homepage (off-topic/no value),Uncategorized/off-topic,/
/guns-mental-illness-deadly-combination/,0.0,4.0,5.0,D - Redirect to homepage (off-topic/no value),Uncategorized/off-topic,/
/you-dont-have-to-do-it-alone/,0.0,4.0,5.2,D - Redirect to homepage (off-topic/no value),Uncategorized/off-topic,/
/drugs-in-the-digital-age/,0.0,4.0,6.8,D - Redirect to homepage (off-topic/no value),Uncategorized/off-topic,/
/aspartame-calorie-cost/,0.0,4.0,7.2,D - Redirect to homepage (off-topic/no value),Uncategorized/off-topic,/
/service-for-sobriety-three-tools-for-making-it-stick/,0.0,3.0,5.3,D - Redirect to homepage (off-topic/no value),Uncategorized/off-topic,/
/digital-edit/,0.0,3.0,5.7,D - Redirect to homepage (off-topic/no value),Uncategorized/off-topic,/
/cheers-health/,0.0,3.0,9.3,D - Redirect to homepage (off-topic/no value),Uncategorized/off-topic,/
/the-beauty-blueprint/,0.0,3.0,15.7,D - Redirect to homepage (off-topic/no value),Uncategorized/off-topic,/
/addiction-treatment-center-best-option-2/,0.0,2.0,4.0,D - Redirect to homepage (off-topic/no value),Uncategorized/off-topic,/
/world-intervention-day/,0.0,2.0,6.0,D - Redirect to homepage (off-topic/no value),Family/Intervention,/admissions/for-families/
/mental-health-help-available/,0.0,2.0,6.5,D - Redirect to homepage (off-topic/no value),Uncategorized/off-topic,/
/cape-bowl/,0.0,2.0,7.0,D - Redirect to homepage (off-topic/no value),Uncategorized/off-topic,/
/for-many-veterans-accidental-addiction-from-drugs-meant-to-heal/,0.0,2.0,11.5,D - Redirect to homepage (off-topic/no value),Uncategorized/off-topic,/
/summer-eat-wave/,0.0,2.0,13.5,D - Redirect to homepage (off-topic/no value),Uncategorized/off-topic,/
/benefits-group-therapy-addiction/,0.0,2.0,15.5,D - Redirect to homepage (off-topic/no value),Uncategorized/off-topic,/
/this-is-what-toxic-codependency-looks-like/,0.0,1.0,1.0,D - Redirect to homepage (off-topic/no value),Uncategorized/off-topic,/
/toxic-codependent-looks-like/,0.0,1.0,1.0,D - Redirect to homepage (off-topic/no value),Uncategorized/off-topic,/
/drinking-back-years/,0.0,1.0,4.0,D - Redirect to homepage (off-topic/no value),Uncategorized/off-topic,/
/the-rules-are-different/,0.0,1.0,5.0,D - Redirect to homepage (off-topic/no value),Uncategorized/off-topic,/
/https-breathelifehealingcenters-com-time-to-give-back-tis-the-season-to-think-of-others/,0.0,1.0,7.0,D - Redirect to homepage (off-topic/no value),Uncategorized/off-topic,/
/junior-high-marijuana-teens/,0.0,1.0,7.0,D - Redirect to homepage (off-topic/no value),Uncategorized/off-topic,/
/light-life/,0.0,1.0,7.0,D - Redirect to homepage (off-topic/no value),Uncategorized/off-topic,/
/history-removes-mystery/,0.0,1.0,9.0,D - Redirect to homepage (off-topic/no value),Uncategorized/off-topic,/
/mental-health-treatment/,0.0,1.0,11.0,D - Redirect to homepage (off-topic/no value),Uncategorized/off-topic,/
