Sitemap Type,URL,Last Mod
Posts,https://breathelifehealingcenters.com/chemsex-crystal-meth-navigating-recovery-in-west-hollywood/,2026-02-20
Posts,https://breathelifehealingcenters.com/the-new-heroin-why-the-rules-of-recovery-have-changed/,2026-02-20
Posts,https://breathelifehealingcenters.com/alcohol-anxiety-navigating-dual-diagnosis-treatment-in-west-hollywood/,2026-02-20
Posts,https://breathelifehealingcenters.com/is-it-paranoia-or-psychosis-managing-meth-induced-mental-health-crises/,2026-02-20
Posts,https://breathelifehealingcenters.com/affordable-care-act-provides-access-to-treatment/,2026-02-20
Posts,https://breathelifehealingcenters.com/benefits-group-therapy-addiction/,2026-02-20
Posts,https://breathelifehealingcenters.com/healing-experiential-therapies/,2026-02-20
Posts,https://breathelifehealingcenters.com/understanding-alcohol-withdrawal-symptoms-causes-and-treatment/,2026-02-20
Posts,https://breathelifehealingcenters.com/gay-addiction-treatment-in-los-angeles/,2026-02-20
Posts,https://breathelifehealingcenters.com/potent-heroin-painkiller-mix-pittsburgh/,2026-02-20
Posts,https://breathelifehealingcenters.com/experience-detox-residential/,2026-02-20
Posts,https://breathelifehealingcenters.com/clinical-outreach-coordinator/,2026-02-20
Posts,https://breathelifehealingcenters.com/five-alive-qa-with-jed-hastings/,2026-02-20
Posts,https://breathelifehealingcenters.com/melissa-mccracken-speaks-at-cma2020/,2026-02-20
Posts,https://breathelifehealingcenters.com/rodrigo-dasilva-joins-the-breathe-team/,2026-02-20
Posts,https://breathelifehealingcenters.com/meet-the-intake-team/,2026-02-20
Posts,https://breathelifehealingcenters.com/the-trajectory-of-addiction-to-recovery/,2026-02-20
Posts,https://breathelifehealingcenters.com/chemsex-what-is-it-and-why-is-it-dangerous/,2026-02-20
Posts,https://breathelifehealingcenters.com/the-polyvagal-theory-trauma-and-mental-health/,2026-02-20
Posts,https://breathelifehealingcenters.com/skillful-vs-unskillful-love/,2026-02-20
Posts,https://breathelifehealingcenters.com/living-with-someone-who-has-ocd/,2026-02-20
Posts,https://breathelifehealingcenters.com/why-is-depression-on-the-rise/,2026-02-20
Posts,https://breathelifehealingcenters.com/4-ways-to-heal-from-psychological-trauma/,2026-02-20
Posts,https://breathelifehealingcenters.com/fighting-depression-in-the-summer/,2026-02-20
Posts,https://breathelifehealingcenters.com/the-rules-are-different/,2026-02-20
Posts,https://breathelifehealingcenters.com/bullying-battle-cry-its-no-joke/,2026-02-20
Posts,https://breathelifehealingcenters.com/september-is-recovery-monthwhat-does-that-mean-really/,2026-02-20
Posts,https://breathelifehealingcenters.com/celebrating-national-lgbt-history-month/,2026-02-20
Posts,https://breathelifehealingcenters.com/crystal-meth-addiction-treatment-in-los-angeles/,2026-02-20
Posts,https://breathelifehealingcenters.com/how-methamphetamine-affects-your-physical-health/,2026-02-20
Posts,https://breathelifehealingcenters.com/treatment-for-meth-addiction/,2026-02-20
Posts,https://breathelifehealingcenters.com/what-is-body-dysmorphic-disorder/,2026-02-20
Posts,https://breathelifehealingcenters.com/body-dysmorphia-disorder/,2026-02-20
Posts,https://breathelifehealingcenters.com/body-dysmorphic-disorder-symptoms/,2026-02-20
Posts,https://breathelifehealingcenters.com/body-dysmorphic-disorder-causes/,2026-02-20
Posts,https://breathelifehealingcenters.com/when-is-enough-enough/,2026-02-20
Posts,https://breathelifehealingcenters.com/https-breathelifehealingcenters-com-time-to-give-back-tis-the-season-to-think-of-others/,2026-02-20
Posts,https://breathelifehealingcenters.com/what-happens-during-meth-detox/,2026-02-20
Posts,https://breathelifehealingcenters.com/do-i-have-complex-trauma/,2026-02-20
Posts,https://breathelifehealingcenters.com/vaping-illness-syndrome/,2026-02-20
Posts,https://breathelifehealingcenters.com/meth-addiction-how-crystal-recovery-works/,2026-02-20
Posts,https://breathelifehealingcenters.com/5-weird-things-alcohol-withdrawal/,2026-02-20
Posts,https://breathelifehealingcenters.com/meth-addiction-getting-help/,2026-02-20
Posts,https://breathelifehealingcenters.com/trauma-and-addiction/,2026-02-20
Posts,https://breathelifehealingcenters.com/alcohol-treatment-help/,2026-02-20
Posts,https://breathelifehealingcenters.com/moderate-drinking-really-safe-may-never-know/,2026-02-20
Posts,https://breathelifehealingcenters.com/what-is-methamphetamine/,2026-02-20
Posts,https://breathelifehealingcenters.com/what-does-dual-diagnosis-mean/,2026-02-20
Posts,https://breathelifehealingcenters.com/how-our-residential-rehab-can-help-you/,2026-02-20
Posts,https://breathelifehealingcenters.com/what-to-expect-during-heroin-detox/,2026-02-20
Posts,https://breathelifehealingcenters.com/vicious-cycle-addiction/,2026-02-20
Posts,https://breathelifehealingcenters.com/tips-parents-addicts/,2026-02-20
Posts,https://breathelifehealingcenters.com/support-groups-for-family-members-of-drug-addicts/,2026-02-20
Posts,https://breathelifehealingcenters.com/drug-addicts-anonymous-meetings-expect/,2026-02-20
Posts,https://breathelifehealingcenters.com/7-signs-of-depression/,2026-02-20
Posts,https://breathelifehealingcenters.com/look-for-drug-intervention-specialist/,2026-02-20
Posts,https://breathelifehealingcenters.com/toxic-codependency-looks-like/,2026-02-20
Posts,https://breathelifehealingcenters.com/5-things-cheaper-drug-screening/,2026-02-20
Posts,https://breathelifehealingcenters.com/still-debating-naloxone-life-saving-emergency-drug/,2026-02-20
Posts,https://breathelifehealingcenters.com/things-need-know-trichotillomania/,2026-02-20
Posts,https://breathelifehealingcenters.com/best-anger-management-strategies/,2026-02-20
Posts,https://breathelifehealingcenters.com/post-traumatic-stress-disorder-ptsd/,2026-02-20
Posts,https://breathelifehealingcenters.com/8-things-need-know-about-depression/,2026-02-20
Posts,https://breathelifehealingcenters.com/mental-health-help-available/,2026-02-20
Posts,https://breathelifehealingcenters.com/professional-help-anxiety/,2026-02-20
Posts,https://breathelifehealingcenters.com/advantages-alcohol-support-groups/,2026-02-20
Posts,https://breathelifehealingcenters.com/manage-nicotine-withdrawal/,2026-02-20
Posts,https://breathelifehealingcenters.com/benefits-quitting-smoking/,2026-02-20
Posts,https://breathelifehealingcenters.com/https-breathelifehealingcenters-com-pill-popping-dermatologist/,2026-02-20
Posts,https://breathelifehealingcenters.com/off-the-court-the-life-of-lamar-odom/,2026-02-20
Posts,https://breathelifehealingcenters.com/finding-freedom-through-the-dance-of-liberation/,2026-02-20
Posts,https://breathelifehealingcenters.com/he-intervenes-with-compassion/,2026-02-20
Posts,https://breathelifehealingcenters.com/heroin-the-drug-of-nice-suburban-areas/,2026-02-20
Posts,https://breathelifehealingcenters.com/mackenzie-phillips-joins-breathe-as-addiction-counselor/,2026-02-20
Posts,https://breathelifehealingcenters.com/mackenzie-phillips-featured-on-fox-11-los-angeles/,2026-02-20
Posts,https://breathelifehealingcenters.com/thinking-back/,2026-02-20
Posts,https://breathelifehealingcenters.com/avoid-drug-addiction/,2026-02-20
Posts,https://breathelifehealingcenters.com/addicted-alcohol-problem/,2026-02-20
Posts,https://breathelifehealingcenters.com/prevent-failure-launch-children/,2026-02-20
Posts,https://breathelifehealingcenters.com/what-is-ocd/,2026-02-20
Posts,https://breathelifehealingcenters.com/overcome-alcohol-withdrawal/,2026-02-20
Posts,https://breathelifehealingcenters.com/substance-abuse-mental-illness-related/,2026-02-20
Posts,https://breathelifehealingcenters.com/teen-depression-symptoms-causes/,2026-02-20
Posts,https://breathelifehealingcenters.com/types-anxiety-disorder/,2026-02-20
Posts,https://breathelifehealingcenters.com/what-is-trichotillomania/,2026-02-20
Posts,https://breathelifehealingcenters.com/dude-wheres-my-car/,2026-02-20
Posts,https://breathelifehealingcenters.com/the-beauty-blueprint/,2026-02-20
Posts,https://breathelifehealingcenters.com/you-dont-have-to-do-it-alone/,2026-02-20
Posts,https://breathelifehealingcenters.com/when-its-time-to-tell-the-family-about-your-addiction/,2026-02-20
Posts,https://breathelifehealingcenters.com/dealing-with-early-sobriety-triggers/,2026-02-20
Posts,https://breathelifehealingcenters.com/freedom-from-bondage/,2026-02-20
Posts,https://breathelifehealingcenters.com/sobriety-on-pain-meds/,2026-02-20
Posts,https://breathelifehealingcenters.com/drugs-in-the-digital-age/,2026-02-20
Posts,https://breathelifehealingcenters.com/safe-from-self-harm/,2026-02-20
Posts,https://breathelifehealingcenters.com/mental-health-awareness-month-b4stage4/,2026-02-20
Posts,https://breathelifehealingcenters.com/breathe-life-healing-center-lists-fisher-mansion-for-sale/,2026-02-20
Posts,https://breathelifehealingcenters.com/good-grief-rage-against-the-machine/,2026-02-20
Posts,https://breathelifehealingcenters.com/save-the-date-connect-on-the-cape/,2026-02-20
Posts,https://breathelifehealingcenters.com/cape-bowl/,2026-02-20
Posts,https://breathelifehealingcenters.com/josh-duggars-rehab-welcome-to-the-dark-ages/,2026-02-20
Posts,https://breathelifehealingcenters.com/light-life/,2026-02-20
Posts,https://breathelifehealingcenters.com/history-removes-mystery/,2026-02-20
Posts,https://breathelifehealingcenters.com/new-peer-pressure-hashtags-facebook-feeds/,2026-02-20
Posts,https://breathelifehealingcenters.com/im-rehab-now-2/,2026-02-20
Posts,https://breathelifehealingcenters.com/grandma-loves-wine/,2026-02-20
Posts,https://breathelifehealingcenters.com/idea/,2026-02-20
Posts,https://breathelifehealingcenters.com/good-golly-molly/,2026-02-20
Posts,https://breathelifehealingcenters.com/world-intervention-day/,2026-02-20
Posts,https://breathelifehealingcenters.com/media-mania/,2026-02-20
Posts,https://breathelifehealingcenters.com/early-childhood-trauma-disease-addiction/,2026-02-20
Posts,https://breathelifehealingcenters.com/helping-the-addict-healing-the-family/,2026-02-20
Posts,https://breathelifehealingcenters.com/love-addict-love-avoidant-a-match-made-in-hell/,2026-02-20
Posts,https://breathelifehealingcenters.com/how-to-be-the-sober-life-of-the-party/,2026-02-20
Posts,https://breathelifehealingcenters.com/relapse-prone/,2026-02-20
Posts,https://breathelifehealingcenters.com/financial-freedom-hope-after-help/,2026-02-20
Posts,https://breathelifehealingcenters.com/fitness-rx-fun-matters/,2026-02-20
Posts,https://breathelifehealingcenters.com/smoking-booze-get-outa-town/,2026-02-20
Posts,https://breathelifehealingcenters.com/treatment-access/,2026-02-20
Posts,https://breathelifehealingcenters.com/caffeine-overdose/,2026-02-20
Posts,https://breathelifehealingcenters.com/cheers-health/,2026-02-20
Posts,https://breathelifehealingcenters.com/smoking-suicide/,2026-02-20
Posts,https://breathelifehealingcenters.com/reckless-doctor-faces-justice/,2026-02-20
Posts,https://breathelifehealingcenters.com/legalize-marijuana-says-times/,2026-02-20
Posts,https://breathelifehealingcenters.com/lifesaver-youve-never-heard/,2026-02-20
Posts,https://breathelifehealingcenters.com/e-cigarettes-childproof/,2026-02-20
Posts,https://breathelifehealingcenters.com/junior-high-marijuana-teens/,2026-02-20
Posts,https://breathelifehealingcenters.com/robin-williams-fame-self-shame/,2026-02-20
Posts,https://breathelifehealingcenters.com/nyc-smoking-spikes/,2026-02-20
Posts,https://breathelifehealingcenters.com/michael-phelps/,2026-02-20
Posts,https://breathelifehealingcenters.com/detox-increase-quit/,2026-02-20
Posts,https://breathelifehealingcenters.com/heroin-deaths-twice-bad/,2026-02-20
Posts,https://breathelifehealingcenters.com/drinking-back-years/,2026-02-20
Posts,https://breathelifehealingcenters.com/one-year-anniversary/,2026-02-20
Posts,https://breathelifehealingcenters.com/digital-edit/,2026-02-20
Posts,https://breathelifehealingcenters.com/nfl-suit-pain-meds/,2026-02-20
Posts,https://breathelifehealingcenters.com/hookah-smoking-smoking-tobacco/,2026-02-20
Posts,https://breathelifehealingcenters.com/guns-mental-illness-deadly-combination/,2026-02-20
Posts,https://breathelifehealingcenters.com/heroin-breakthrough-need-money/,2026-02-20
Posts,https://breathelifehealingcenters.com/self-care-health-care/,2026-03-02
Posts,https://breathelifehealingcenters.com/how-to-start-the-conversation-about-rehab/,2026-03-02
Posts,https://breathelifehealingcenters.com/can-you-force-someone-to-go-to-rehab/,2026-03-02
Posts,https://breathelifehealingcenters.com/heroin-pandemic-help-horizon/,2026-03-04
Posts,https://breathelifehealingcenters.com/depression-and-addiction/,2026-05-19
Posts,https://breathelifehealingcenters.com/what-is-obsessive-compulsive-disorder/,2026-06-12
Posts,https://breathelifehealingcenters.com/family-guide-to-drug-addiction-withdrawal-support/,2026-06-19
Posts,https://breathelifehealingcenters.com/addiction-and-drug-rehab-for-the-lgbtqia-community/,2026-06-19
Posts,https://breathelifehealingcenters.com/laugh-way-joyful-life/,2026-06-19
Posts,https://breathelifehealingcenters.com/pain-meds-xanax-anxiety/,2026-06-19
Posts,https://breathelifehealingcenters.com/drug-dealer-co-pay/,2026-06-19
Posts,https://breathelifehealingcenters.com/substance-free-summer-activities/,2026-07-07
Posts,https://breathelifehealingcenters.com/flight-attendant-mental-health/,2026-07-14
Posts,https://breathelifehealingcenters.com/chemsex-addiction/,2026-07-21
Posts,https://breathelifehealingcenters.com/for-many-veterans-accidental-addiction-from-drugs-meant-to-heal/,2026-07-01
Posts,https://breathelifehealingcenters.com/phillip-seymour-hoffman-dead-actor-dies-46/,2026-07-01
Posts,https://breathelifehealingcenters.com/residential-treatment-for-substance-addiction/,2026-07-07
Posts,https://breathelifehealingcenters.com/why-queer-people-deserve-treatment-that-actually-sees-them/,2026-08-13
Posts,https://breathelifehealingcenters.com/how-minority-stress-drives-substance-use-in-lgbtq-communities/,2026-08-14
Posts,https://breathelifehealingcenters.com/addiction-myths-vs-facts/,2026-08-19
Posts,https://breathelifehealingcenters.com/breathes-new-office-location-on-melrose/,2026-08-19
Posts,https://breathelifehealingcenters.com/medication-assisted-treatment-for-long-term-stability/,2026-08-20
Posts,https://breathelifehealingcenters.com/transitional-living-after-residential-treatment/,2026-08-20
Posts,https://breathelifehealingcenters.com/dual-diagnosis-treatment-program/,2026-08-20
Posts,https://breathelifehealingcenters.com/how-families-can-support-a-loved-one-in-addiction-treatment/,2026-08-20
Posts,https://breathelifehealingcenters.com/coping-vs-avoiding-pain/,2026-08-20
Posts,https://breathelifehealingcenters.com/coping-patterns-in-complex-trauma-and-addiction/,2026-08-20
Posts,https://breathelifehealingcenters.com/5-absolute-important-steps-take-relapse/,2026-08-20
Posts,https://breathelifehealingcenters.com/sex-addiction-drug-addiction/,2026-08-20
Posts,https://breathelifehealingcenters.com/internal-family-systems-and-its-role-in-restoring-balance/,2026-08-20
Posts,https://breathelifehealingcenters.com/abuse-c-ptsd-complex-post-traumatic-stress-disorder/,2026-08-20
Posts,https://breathelifehealingcenters.com/7-triggering-situations-recovering-addicts-avoid/,2026-08-20
Posts,https://breathelifehealingcenters.com/breathe-life-healing-centers-welcomes-transgender-people/,2026-08-20
Posts,https://breathelifehealingcenters.com/post-acute-withdrawal-syndrome-in-los-angeles-managing-recovery-after-detox/,2026-08-20
Posts,https://breathelifehealingcenters.com/breeding-addiction-moms-babies-opiates-arrive-pre-loaded/,2026-08-20
Posts,https://breathelifehealingcenters.com/alcohol-drug-addiction-treatment/,2026-08-20
Posts,https://breathelifehealingcenters.com/staying-sober-during-the-holidays/,2026-08-20
Posts,https://breathelifehealingcenters.com/hit-snooze-button-taking-nap-always-lazy/,2026-08-20
Posts,https://breathelifehealingcenters.com/gay-rehab-centers-in-los-angeles-addressing-unique-needs-in-recovery/,2026-08-20
Posts,https://breathelifehealingcenters.com/breathe-weho-treatment-services-earns-joint-commissions-gold-seal-approval/,2026-08-20
Posts,https://breathelifehealingcenters.com/lgbtqia-affirming-addiction-treatment-in-los-angeles-finding-the-right-support/,2026-08-20
Posts,https://breathelifehealingcenters.com/the-whole-person-approach-why-holistic-alcohol-rehab-is-taking-over-los-angeles/,2026-08-20
Posts,https://breathelifehealingcenters.com/how-complex-trauma-impacts-our-sense-of-self-safety/,2026-08-20
Posts,https://breathelifehealingcenters.com/importance-integrated-treatment-dual-diagnosis/,2026-08-20
Posts,https://breathelifehealingcenters.com/newsnight-debate-between-matthew-perry-and-peter-hitchens/,2026-08-20
Posts,https://breathelifehealingcenters.com/alliance-with-experience-recovery/,2026-08-20
Posts,https://breathelifehealingcenters.com/risks-of-untreated-adhd/,2026-08-20
Posts,https://breathelifehealingcenters.com/most-addictive-substances/,2026-08-20
Posts,https://breathelifehealingcenters.com/drug-induced-psychosis/,2026-08-20
Posts,https://breathelifehealingcenters.com/addiction-treatment-center-best-option-2/,2026-08-20
Posts,https://breathelifehealingcenters.com/preparing-for-holidays-in-recovery/,2026-08-20
Posts,https://breathelifehealingcenters.com/service-for-sobriety-three-tools-for-making-it-stick/,2026-08-20
Posts,https://breathelifehealingcenters.com/los-angeles-holistic-recovery-overcoij-ming-fentanyl-and-kratom-addiction-beyond-detox/,2026-08-20
Posts,https://breathelifehealingcenters.com/transgender-treatment-for-addiction-in-los-angeles-inclusive-and-understanding-care/,2026-08-20
Posts,https://breathelifehealingcenters.com/reasons-rehab-2-prescription-medication-addiction/,2026-08-20
Posts,https://breathelifehealingcenters.com/ptsd-treatment-in-los-angeles-integrating-trauma-therapy-with-addiction-recovery/,2026-08-20
Posts,https://breathelifehealingcenters.com/from-detox-to-recovery-in-los-angeles-the-role-of-addiction-treatment-centers/,2026-08-20
Posts,https://breathelifehealingcenters.com/how-breathe-life-healing-centers-in-los-angeles-supports-long-term-sobriety-after-detox/,2026-08-20
Posts,https://breathelifehealingcenters.com/how-to-choose-the-right-drug-detox-center-in-los-angeles/,2026-08-20
Posts,https://breathelifehealingcenters.com/lgbt-drug-rehab-in-los-angeles-inclusive-and-compassionate-care/,2026-08-20
Posts,https://breathelifehealingcenters.com/gay-rehab-centers-in-los-angeles-tailored-support-for-the-lgbtq-community/,2026-08-20
Posts,https://breathelifehealingcenters.com/strategies-complex-trauma/,2026-08-20
Posts,https://breathelifehealingcenters.com/dual-diagnosis-relationship-substance-abuse-mental-illness/,2026-08-20
Posts,https://breathelifehealingcenters.com/benefits-of-depression-screening/,2026-08-20
Posts,https://breathelifehealingcenters.com/sleep-hygiene-tips/,2026-08-20
Posts,https://breathelifehealingcenters.com/orange-new-black-got-mackenzie-phillips-tap-past/,2026-08-20
Posts,https://breathelifehealingcenters.com/the-new-world-what-christopher-columbus-can-teach-us-about-recovery/,2026-08-20
Posts,https://breathelifehealingcenters.com/its-a-science-what-about-holiday-stress-that-makes-relapse-so-risky/,2026-08-20
Posts,https://breathelifehealingcenters.com/depression-in-college-students/,2026-08-20
Posts,https://breathelifehealingcenters.com/holistic-approach-health-wellbeing/,2026-08-20
Posts,https://breathelifehealingcenters.com/breathe-awarded-accreditation-joint-commission/,2026-08-20
Posts,https://breathelifehealingcenters.com/psychiatrist-steve-karp/,2026-08-20
Posts,https://breathelifehealingcenters.com/sober-living-home-can-benefit-your-recovery/,2026-08-20
Posts,https://breathelifehealingcenters.com/from-survival-mode-to-stability-how-the-body-heals-in-treatment/,2026-08-20
Posts,https://breathelifehealingcenters.com/php-vs-iop-understanding-different-levels-of-addiction-treatment/,2026-08-20
Posts,https://breathelifehealingcenters.com/ptsd-and-substance-use-why-trauma-and-addiction-are-often-connected/,2026-08-20
Posts,https://breathelifehealingcenters.com/numbing-the-pain-the-link-between-heroin-and-unresolved-trauma/,2026-08-20
Posts,https://breathelifehealingcenters.com/addiction-treatment-for-gay-men/,2026-08-20
Pages,https://breathelifehealingcenters.com/,2026-08-20
Pages,https://breathelifehealingcenters.com/faq/,2025-06-08
Pages,https://breathelifehealingcenters.com/addiction-treatment-program/benzodiazepine-addiction/,2025-06-08
Pages,https://breathelifehealingcenters.com/addiction-treatment-program/kratom-addiction/,2025-06-08
Pages,https://breathelifehealingcenters.com/addiction-treatment-program/fentanyl-addiction/,2025-06-08
Pages,https://breathelifehealingcenters.com/mental-health-treatment/,2025-06-08
Pages,https://breathelifehealingcenters.com/locations/outpatient-photos/,2025-06-08
Pages,https://breathelifehealingcenters.com/therapies/,2025-06-08
Pages,https://breathelifehealingcenters.com/medication-assisted-treatment-mat/,2025-06-09
Pages,https://breathelifehealingcenters.com/resources/,2025-06-09
Pages,https://breathelifehealingcenters.com/test-page/,2025-07-22
Pages,https://breathelifehealingcenters.com/drug-rehab/,2025-07-31
Pages,https://breathelifehealingcenters.com/breathe-services-old/,2025-08-01
Pages,https://breathelifehealingcenters.com/locations/video-tour/,2025-09-24
Pages,https://breathelifehealingcenters.com/therapies/residential-treatment/,2025-09-24
Pages,https://breathelifehealingcenters.com/terms-of-use/,2025-09-24
Pages,https://breathelifehealingcenters.com/about/treatment-accreditations-memberships/,2025-09-24
Pages,https://breathelifehealingcenters.com/resources/how-to-choose-treatment/,2025-09-24
Pages,https://breathelifehealingcenters.com/joint-commission/,2025-09-24
Pages,https://breathelifehealingcenters.com/about/join-the-breathe-team/,2025-09-24
Pages,https://breathelifehealingcenters.com/breathe-life-healing-centers-employment-application/,2025-09-24
Pages,https://breathelifehealingcenters.com/therapies/enhanced-sober-living/,2025-09-24
Pages,https://breathelifehealingcenters.com/locations/campus-photos/,2025-09-25
Pages,https://breathelifehealingcenters.com/admissions/self-assessment-forms/,2025-10-01
Pages,https://breathelifehealingcenters.com/resources/our-brochures/,2025-10-01
Pages,https://breathelifehealingcenters.com/about/testimonials/,2025-10-01
Pages,https://breathelifehealingcenters.com/breathe-services/breatheout/,2025-10-01
Pages,https://breathelifehealingcenters.com/notice-of-privacy-practices/,2025-10-01
Pages,https://breathelifehealingcenters.com/resources/brads-books/,2025-10-01
Pages,https://breathelifehealingcenters.com/therapies/depression-treatment-center/,2025-10-01
Pages,https://breathelifehealingcenters.com/admissions/professional-referral/,2025-10-14
Pages,https://breathelifehealingcenters.com/therapies/anxiety-treatment-program/,2025-10-14
Pages,https://breathelifehealingcenters.com/therapies/outpatient-addiction-rehab/,2025-10-14
Pages,https://breathelifehealingcenters.com/therapies/trauma-treatment/,2025-11-18
Pages,https://breathelifehealingcenters.com/sero-mental-health/,2026-01-06
Pages,https://breathelifehealingcenters.com/therapies/case-management/,2026-01-29
Pages,https://breathelifehealingcenters.com/breathe-services/family-programs/,2026-01-29
Pages,https://breathelifehealingcenters.com/intensive-outpatient-program/,2026-01-29
Pages,https://breathelifehealingcenters.com/breathe-services/family-programs/family-intensive-services/,2026-02-02
Pages,https://breathelifehealingcenters.com/test/,2026-04-02
Pages,https://breathelifehealingcenters.com/about/our-team/,2026-05-20
Pages,https://breathelifehealingcenters.com/latest-news/,2026-06-12
Pages,https://breathelifehealingcenters.com/admissions/,2026-06-12
Pages,https://breathelifehealingcenters.com/admissions/insurance/,2026-06-12
Pages,https://breathelifehealingcenters.com/admissions/for-families/,2026-06-12
Pages,https://breathelifehealingcenters.com/admissions/what-to-bring/,2026-06-12
Pages,https://breathelifehealingcenters.com/breathe-services/levels-of-care/,2026-06-12
Pages,https://breathelifehealingcenters.com/day-treatment/,2026-06-12
Pages,https://breathelifehealingcenters.com/alumni-support/,2026-06-12
Pages,https://breathelifehealingcenters.com/addiction-treatment-program/,2026-06-18
Pages,https://breathelifehealingcenters.com/addiction-treatment-program/benzodiazepine-treatment/,2026-06-18
Pages,https://breathelifehealingcenters.com/addiction-treatment-program/amphetamine-treatment/,2026-06-18
Pages,https://breathelifehealingcenters.com/addiction-treatment-program/cocaine-addiction-treatment/,2026-06-18
Pages,https://breathelifehealingcenters.com/addiction-treatment-program/designer-drug-treatment/,2026-06-18
Pages,https://breathelifehealingcenters.com/addiction-treatment-program/drug-addiction-treatment/,2026-06-18
Pages,https://breathelifehealingcenters.com/addiction-treatment-program/marijuana-treatment/,2026-06-18
Pages,https://breathelifehealingcenters.com/about/,2026-07-01
Pages,https://breathelifehealingcenters.com/confidentiality-form/,2026-07-27
Pages,https://breathelifehealingcenters.com/breathe-services/lgbtqia/,2026-08-07
Pages,https://breathelifehealingcenters.com/therapies/complex-trauma-treatment/,2026-08-07
Pages,https://breathelifehealingcenters.com/medical-alcohol-and-drug-detox/,2026-08-07
Pages,https://breathelifehealingcenters.com/addiction-treatment-program/meth-addiction-treatment/,2026-08-07
Pages,https://breathelifehealingcenters.com/medication-assisted-treatment/,2026-08-07
Pages,https://breathelifehealingcenters.com/addiction-treatment-program/alcohol-rehab/,2026-08-07
Pages,https://breathelifehealingcenters.com/therapies/dual-diagnosis-treatment/,2026-08-07
Pages,https://breathelifehealingcenters.com/breathe-services/crystal-meth-rehab/,2026-08-13
Pages,https://breathelifehealingcenters.com/breathe-services/family-programs/3-day-family-workshop/,2026-08-17
Pages,https://breathelifehealingcenters.com/addiction-treatment-west-hollywood/,2026-08-18
Pages,https://breathelifehealingcenters.com/therapies/experiential-therapies/,2026-08-19
Pages,https://breathelifehealingcenters.com/locations/,2026-08-20
Pages,https://breathelifehealingcenters.com/addiction-treatment-program/prescription-drug-addiction-treatment/,2026-08-20
Pages,https://breathelifehealingcenters.com/about/our-mission-vision/,2026-08-20
Pages,https://breathelifehealingcenters.com/resources/media/,2026-08-20
Pages,https://breathelifehealingcenters.com/breathe-services/,2026-08-20
Pages,https://breathelifehealingcenters.com/addiction-treatment-program/xanax-addiction/,2026-08-20
Pages,https://breathelifehealingcenters.com/addiction-treatment-program/inhalant-treatment/,2026-08-20
Pages,https://breathelifehealingcenters.com/addiction-treatment-program/opioids-opiates-treatment/,2026-08-20
Pages,https://breathelifehealingcenters.com/addiction-treatment-program/heroin-addiction-treatment/,2026-08-20
Pages,https://breathelifehealingcenters.com/addiction-treatment-program/fentanyl-addiction-treatment/,2026-08-20
Pages,https://breathelifehealingcenters.com/addiction-treatment-program/kratom-treatment/,2026-08-20
Pages,https://breathelifehealingcenters.com/therapies/flight-attendant-program/,2026-08-20
Pages,https://breathelifehealingcenters.com/contact-us/,2026-08-20
Team,https://breathelifehealingcenters.com/our-team/brad-lamm-cip/,2025-10-15
Team,https://breathelifehealingcenters.com/our-team/forever-peru/,2025-10-15
Team,https://breathelifehealingcenters.com/our-team/sue-dinner/,2025-10-15
Team,https://breathelifehealingcenters.com/our-team/stacy-cohen-md/,2026-01-23
Team,https://breathelifehealingcenters.com/our-team/angie-s-wang/,2026-04-17
Team,https://breathelifehealingcenters.com/our-team/emily-salas/,2026-07-13
Team,https://breathelifehealingcenters.com/our-team/valerio-iovino-laadc-c-asat/,2026-08-06
Team,https://breathelifehealingcenters.com/our-team/shoshana-katz-lmft/,2026-08-07
Team,https://breathelifehealingcenters.com/our-team/keegan-halupowski/,2026-08-07
Team,https://breathelifehealingcenters.com/our-team/blake-dinger-cadc/,2026-08-07
Team,https://breathelifehealingcenters.com/our-team/wayne-nathan/,2026-08-07
Team,https://breathelifehealingcenters.com/our-team/keone-holt/,2026-08-07
Team,https://breathelifehealingcenters.com/our-team/emily-wessel/,2026-08-07
Team,https://breathelifehealingcenters.com/our-team/iza-kiacz-ma-amft/,2026-08-07
Team,https://breathelifehealingcenters.com/our-team/hassan-olton/,2026-08-07
Team,https://breathelifehealingcenters.com/our-team/ivis-gutierrez-lopez/,2026-08-07
Team,https://breathelifehealingcenters.com/our-team/bill-reilly-cadc-ii/,2026-08-07
Team,https://breathelifehealingcenters.com/our-team/sarah-johnson-m-a-amft/,2026-08-07
Team,https://breathelifehealingcenters.com/our-team/vivian-rubio-cadc-ii/,2026-08-07
Team,https://breathelifehealingcenters.com/our-team/sara-stitt/,2026-08-07
Team,https://breathelifehealingcenters.com/our-team/christine-wolf-cadc-ii-icadc/,2026-08-07
Team,https://breathelifehealingcenters.com/our-team/cristina-meadows/,2026-08-07
Team,https://breathelifehealingcenters.com/our-team/kayla-radin/,2026-08-07
Team,https://breathelifehealingcenters.com/our-team/brian-whisenant/,2026-08-07
Team,https://breathelifehealingcenters.com/our-team/miguel-palacios/,2026-08-07
Team,https://breathelifehealingcenters.com/our-team/wes-werbeck/,2026-08-07
Team,https://breathelifehealingcenters.com/our-team/nate-chappell/,2026-08-07
Team,https://breathelifehealingcenters.com/our-team/emmy-olea/,2026-08-07
Team,https://breathelifehealingcenters.com/our-team/nick-michalski/,2026-08-07
Team,https://breathelifehealingcenters.com/our-team/esmeralda-sandoval/,2026-08-10
Team,https://breathelifehealingcenters.com/our-team/velsanard-beavers/,2026-08-10
Team,https://breathelifehealingcenters.com/our-team/duran-visek/,2026-08-10
Team,https://breathelifehealingcenters.com/our-team/rox-varela/,2026-08-10
Team,https://breathelifehealingcenters.com/our-team/christina-beck/,2026-08-10
Team,https://breathelifehealingcenters.com/our-team/hannah-ayers-lmft/,2026-08-10
Team,https://breathelifehealingcenters.com/our-team/anna-limina-mt-bc/,2026-08-10
Team,https://breathelifehealingcenters.com/our-team/mark-s-derosa-cadc-iii-icadc-asat-c-lgbtqia2/,2026-08-20
Team,https://breathelifehealingcenters.com/our-team/jeremy-hanes/,2026-08-20
Team,https://breathelifehealingcenters.com/our-team/beck-gee-cadc-ii-amft-145681/,2026-08-20
Team,https://breathelifehealingcenters.com/our-team/mayra-lopez-lvn/,2026-08-20
Team,https://breathelifehealingcenters.com/our-team/rachel-aiono-asw/,2026-08-20
Team,https://breathelifehealingcenters.com/our-team/megan-etheridge-lpcc/,2026-08-20
Team,https://breathelifehealingcenters.com/our-team/deb-hughes-cas/,2026-08-20
Gallery,https://breathelifehealingcenters.com/gallery/campus-gallery/,2025-07-15
Gallery,https://breathelifehealingcenters.com/gallery/campus-indoor-gallery/,2025-07-16
Gallery,https://breathelifehealingcenters.com/gallery/campus-grid-gallery/,2025-07-16
Category,https://breathelifehealingcenters.com/category/relapse/,2026-08-20
Category,https://breathelifehealingcenters.com/category/specialized-programs/,2026-06-22
Category,https://breathelifehealingcenters.com/category/transgender-treatment/,2026-08-20
Category,https://breathelifehealingcenters.com/category/bulimia-treatment/,2026-08-18
Category,https://breathelifehealingcenters.com/category/ptsd/,2026-08-20
Category,https://breathelifehealingcenters.com/category/lgbtqia/,2026-08-20
Category,https://breathelifehealingcenters.com/category/our-staff/,2026-02-20
Category,https://breathelifehealingcenters.com/category/alumni-five-alive-qa/,2026-02-20
Category,https://breathelifehealingcenters.com/category/uncategorized/,2026-08-20
Category,https://breathelifehealingcenters.com/category/for-the-family/,2026-08-20
Category,https://breathelifehealingcenters.com/category/eating-disorders/,2026-08-18
Category,https://breathelifehealingcenters.com/category/detox/,2026-08-20
Category,https://breathelifehealingcenters.com/category/alcoholism/,2026-08-20
Category,https://breathelifehealingcenters.com/category/mental-illness/,2026-08-20
Category,https://breathelifehealingcenters.com/category/health-fitness/,2026-08-20
Category,https://breathelifehealingcenters.com/category/food-weight/,2026-08-20
Category,https://breathelifehealingcenters.com/category/treatment/,2026-08-20
Category,https://breathelifehealingcenters.com/category/recovery/,2026-08-20
Category,https://breathelifehealingcenters.com/category/addiction/,2026-08-20
Members Category,https://breathelifehealingcenters.com/members_category/executive-leadership/,2026-08-20
Members Category,https://breathelifehealingcenters.com/members_category/medical-team/,2026-08-20
Members Category,https://breathelifehealingcenters.com/members_category/clinical-team/,2026-08-20
Members Category,https://breathelifehealingcenters.com/members_category/admissions-case-management/,2026-08-07
Members Category,https://breathelifehealingcenters.com/members_category/marketing-clinical-outreach/,2026-08-07
Members Category,https://breathelifehealingcenters.com/members_category/operations/,2026-08-20
Members Category,https://breathelifehealingcenters.com/members_category/adjunct-professionals/,2026-08-20
Author,https://breathelifehealingcenters.com/author/beck/,2026-07-01
Author,https://breathelifehealingcenters.com/author/breathe-life-healing-centers/,2026-06-12
Author,https://breathelifehealingcenters.com/author/vectoron/,2026-01-23
Author,https://breathelifehealingcenters.com/author/kacydesilva/,2025-10-06
